총생활인구수,기온,기압,풍속,운량,일강수량,최대순간풍속풍향,최대풍속풍향,평균풍속,최다풍향,일최심적설,일최심신적설,강수여부,일 미세먼지 농도(㎍/㎥),휴일여부,요일,계절,month,day,영등포구
394771.1772625,3.163243053559287,-1.061946043007059,-0.3741059297828949,0.5910113549375723,0.0,270,270,2.0,270,0.0,0.0,0.0,36.0,1,4,4,1,1,1547.0
400224.9214000001,3.5594973350293437,-1.21894166224575,0.9897979091822257,-1.477465332470317,0.0,290,320,2.6,270,0.0,0.0,0.0,43.0,0,5,4,1,2,1664.0
404194.64878333337,3.6007081034700708,-1.194788490055182,0.0810987231554895,-1.221170177066513,0.0,320,270,2.0,270,0.0,0.0,0.0,47.0,0,6,4,1,3,1526.0
463540.9898458333,3.2066595164939584,-1.1102523873881949,-1.4849498612077312,-0.5003057342317939,0.0,70,50,1.7,50,0.0,0.0,0.0,50.0,0,0,4,1,4,2555.0
464148.6869791667,3.568811852543017,-1.1464821456740464,1.15793447425907,-0.7771306176366792,0.0,340,290,2.9,290,0.0,0.0,0.0,37.0,0,1,4,1,5,2369.0
464150.5163958333,3.819351109906466,-1.182711903959898,4.235696241143262,-0.9502554146769738,2.3,290,290,2.4,270,3.8,3.8,1.0,30.0,0,2,4,1,6,1829.0
463164.9929,4.958514023049501,-1.2914011788174533,4.174520359900883,-0.697248502394723,0.0,290,290,4.1,270,3.3,0.0,0.0,56.0,0,3,4,1,7,444.0
463044.2202375,5.258812845344094,-1.3034777649127371,1.6708947687397684,-0.968600244433228,0.0,270,290,3.3,290,1.1,0.0,0.0,27.0,0,4,4,1,8,676.0
420185.06875416666,4.76071676898899,-1.2793245927221697,2.039465959364681,-0.8628190568588956,0.0,270,290,2.6,270,1.0,0.0,0.0,33.0,0,5,4,1,9,626.0
410841.50473333336,3.897005858241368,-1.182711903959898,-2.2255124821576224,-0.4049819512237135,0.0,160,50,1.3,290,0.7,0.0,0.0,48.0,0,6,4,1,10,764.0
465813.8297708333,3.645118546413453,-1.1344055595787628,-1.3745689376732009,0.5036268956370368,0.0,50,290,1.9,50,0.4,0.0,0.0,63.0,0,0,4,1,11,1635.0
465509.8496333333,3.093664032119503,-0.953256768149504,-1.5750035632212684,1.7730530450465694,2.6,50,50,1.8,50,5.1,5.0,1.0,88.0,0,1,4,1,12,1080.0
466345.4333875,1.864003765631507,-0.7238016323391099,0.4496699137804022,1.895149859684957,0.0,200,230,2.4,50,5.0,0.0,0.0,146.0,0,2,4,1,13,1665.0
465881.5612958334,2.2908543353641937,-1.0377928708164914,-0.832730822421345,-1.2374858041305683,0.0,70,70,2.3,70,0.0,0.0,0.0,100.0,0,3,4,1,14,2708.0
464517.7250583333,1.5595513228558051,-0.6996484601485421,1.4161247413494518,0.406170112901672,0.2,250,230,3.0,50,0.0,0.0,1.0,109.0,0,4,4,1,15,2768.0
418664.3493291666,3.3192147612960308,-1.098175801292911,0.6755621203995612,-0.3075770670058913,0.0,250,250,3.3,290,0.0,0.0,0.0,69.0,0,5,4,1,16,1562.0
412083.1378166667,3.512119714539045,-1.1102523873881949,-0.7189296591867488,-0.5576289187804693,0.0,230,230,2.3,270,0.1,0.1,0.0,29.0,0,6,4,1,17,1279.0
467075.6428375,3.1730156102453315,-1.0377928708164914,4.140512179579626,-0.2482246797650167,0.3,270,290,3.2,290,1.0,0.9,1.0,53.0,0,0,4,1,18,1458.0
469548.487675,3.789728936713223,-1.2430948344363175,0.0199228419131094,-1.9315772153349808,0.0,320,320,1.8,290,0.0,0.0,0.0,43.0,0,1,4,1,19,2225.0
470923.2224125,2.6735337253180647,-1.1344055595787628,-0.5796709148810615,-1.722918002176446,0.0,70,50,2.2,50,0.0,0.0,0.0,59.0,0,2,4,1,20,2998.0
470726.8424125,1.594885132225237,-0.7479548045296778,-1.2353101933675137,0.0122845765758138,9.2,50,50,2.3,70,0.0,0.0,1.0,72.0,0,3,4,1,21,1395.0
468521.8920166667,1.1753641382432871,-0.3977338077664445,-1.6870946066058317,3.5835904554898788,0.1,70,70,1.7,50,0.0,0.0,1.0,71.0,0,4,4,1,22,2817.0
422466.027975,0.9321554699020632,-0.590959185290987,1.2139799959513513,0.6403433172611602,0.0,50,70,4.2,70,0.0,0.0,0.0,0.0,0,5,4,1,23,3256.0
413363.34619583335,1.0120121542399985,-0.6392655296721226,-0.1822219034849913,0.2878504195513451,0.0,20,70,2.1,70,0.0,0.0,0.0,20.0,0,6,4,1,24,4127.0
470496.6595,0.9589024094644956,-0.6392655296721226,-1.289645595209762,-0.0554441140215713,0.0,70,70,1.9,70,0.0,0.0,0.0,34.0,0,0,4,1,25,4631.0
471121.3197875,1.3871259122541375,-0.5547294270051353,-0.8021428818001549,1.9424007207988032,1.7,320,270,1.9,50,0.0,0.0,1.0,70.0,0,1,4,1,26,2134.0
471979.8982583333,2.2256490010220293,-1.0257162847212071,0.6178064788572469,-1.4428048756500078,0.0,20,360,2.2,270,0.0,0.0,0.0,50.0,0,2,4,1,27,3718.0
470845.9530833333,3.131629474641387,-1.0740226291023431,5.034014503635468,-0.5868681327519413,2.0,270,250,4.0,270,3.6,3.6,1.0,51.0,0,3,4,1,28,1866.0
472018.44535833335,4.1813247396152375,-1.2551714205316016,3.15202001063955,-1.4084776014435785,0.0,250,270,3.5,270,0.7,0.0,0.0,32.0,0,4,4,1,29,2025.0
424217.35848750005,2.718315213464629,-1.0136396986259235,0.133724005147705,-0.0621243972997624,0.5,320,290,2.5,50,0.8,0.8,1.0,74.0,0,5,4,1,30,2120.0
417789.61288333335,1.9719432014259493,-0.8928738376730846,-0.4081141101041505,-0.3707065755348269,0.0,50,50,2.0,70,0.0,0.0,0.0,75.0,0,6,4,1,31,3013.0
473801.8656,1.55200771890203,-0.5788825991957031,2.1515570027492443,0.8606670768977582,0.7,270,270,2.7,50,0.0,0.0,1.0,99.0,0,0,4,2,1,3283.0
475991.6577375,3.5854020301771365,-1.194788490055182,1.645437187668677,-1.2625628156825563,0.0,290,290,3.9,270,0.0,0.0,0.0,39.0,0,1,4,2,2,2537.0
476083.298175,3.0606666745223228,-1.0136396986259235,0.0810987231554895,0.3200446940304896,3.4,270,230,2.2,200,4.2,4.2,1.0,49.0,0,2,4,2,3,2553.0
477252.1756708333,3.1700358950675755,-1.1344055595787628,1.0781414913457297,-0.9439602125302052,0.1,250,250,2.5,270,4.3,0.2,1.0,35.0,0,3,4,2,4,1724.0
475563.6482208333,2.112032807642674,-0.8083377350060973,0.648394419478437,1.376264346730581,0.0,230,200,2.4,200,1.4,0.0,0.0,41.0,0,4,4,2,5,3085.0
424717.22765,1.031913264669113,-0.4460401521475802,-0.0072448590080153,2.283614153161978,0.0,230,180,2.2,200,0.0,0.0,0.0,108.0,0,5,4,2,6,3065.0
418230.3604291666,1.8616690956269637,-0.7600313906249616,0.7893632836341574,-0.1666984429622839,0.0,290,250,2.9,270,0.0,0.0,0.0,118.0,0,6,4,2,7,2670.0
474596.6725666667,3.1243994474524586,-1.1585587317693304,1.9562527367512752,-1.242907046979406,0.0,320,320,3.4,290,0.0,0.0,0.0,34.0,0,0,4,2,8,2668.0
472562.0535833333,2.675284328001216,-1.061946043007059,0.133724005147705,-0.903826614343516,0.0,250,250,2.0,250,0.0,0.0,0.0,31.0,0,1,4,2,9,3423.0
457681.1892916666,1.7532724672359383,-0.6996484601485421,-0.2620148863983316,1.6559923921255963,0.0,200,200,2.1,230,0.0,0.0,0.0,56.0,0,2,4,2,10,3753.0
385721.9758416666,1.3004811758935388,-0.6513421157674065,-1.7431401282981132,0.8079949729350747,0.0,110,90,1.3,70,0.0,0.0,0.0,106.0,1,3,4,2,11,2850.0
371852.57444166666,1.2082446096256263,-0.7358782184343938,-1.286225355509696,-0.4610460953430352,0.0,250,250,1.7,20,0.0,0.0,0.0,123.0,1,4,4,2,12,2885.0
385031.8525041667,1.1078977516072448,-0.8083377350060973,-1.0042876271982557,-1.1342226974149434,0.0,290,290,1.5,20,0.0,0.0,0.0,116.0,1,5,4,2,13,4158.0
403848.1100333333,0.7999101706024524,-0.7358782184343938,-1.3185234159809192,-0.9736364061506426,0.0,270,250,1.7,70,0.0,0.0,0.0,115.0,0,6,4,2,14,3592.0
470093.3812875,2.1579606524757478,-0.8566440793872329,3.267531293724179,0.044478851054958,1.4,270,250,4.0,250,0.0,0.0,1.0,78.0,0,0,4,2,15,2588.0
476484.3226875,3.301686868385262,-1.1223289734834787,2.864951922778011,-0.4572689740549742,1.5,290,290,3.2,270,1.1,1.1,1.0,36.0,0,1,4,2,16,1900.0
478659.0401708333,4.049511942088556,-1.2430948344363175,3.870545290218416,-1.0919560995009692,0.0,270,270,5.0,270,0.9,0.0,0.0,64.0,0,2,4,2,17,1917.0
478816.4097541666,3.609498815426184,-1.194788490055182,1.382116561028196,-0.9698592848625818,0.0,270,290,3.1,270,0.2,0.0,0.0,58.0,0,3,4,2,18,2507.0
475721.0630625,2.158274319570427,-0.8083377350060973,1.7898262915244632,0.6817359558772037,0.0,180,230,2.9,200,0.0,0.0,0.0,67.0,0,4,4,2,19,3715.0
429498.0237625,0.7587431300243922,-0.6271889435768387,-0.832730822421345,-0.6408511756615212,0.0,180,200,2.1,200,0.0,0.0,0.0,99.0,0,5,4,2,20,4926.0
424684.05465,0.4102575760471373,-0.3977338077664445,1.3583690998071376,0.5826350515810618,0.0,180,200,2.8,50,0.0,0.0,0.0,108.0,0,6,4,2,21,6381.0
479528.6111291666,1.1924429317737149,-0.6271889435768387,2.0972216009069955,-0.7374339990989552,0.0,290,290,2.9,290,0.0,0.0,0.0,69.0,0,0,4,2,22,4709.0
480828.484275,2.68519838029628,-1.1706353178646145,0.5294628966937421,-2.0256419579137077,0.0,290,290,2.9,290,0.0,0.0,0.0,69.0,0,1,4,2,23,3683.0
483291.2657666667,2.180882631914528,-1.1223289734834787,-1.7448502481481465,-2.1142854576435965,0.0,290,290,1.8,50,0.0,0.0,0.0,66.0,0,2,4,2,24,4548.0
482964.6039666667,1.947913544254515,-1.0740226291023431,-2.113421438773059,-1.8044442389791784,0.0,20,50,1.4,50,0.0,0.0,0.0,73.0,0,3,4,2,25,4531.0
486022.5997166667,1.278789795656624,-0.965333354244788,-0.4064039902541178,-2.1076051743654056,0.0,20,70,2.3,50,0.0,0.0,0.0,42.0,0,4,4,2,26,6105.0
437400.3402541666,0.7772608004200399,-0.7238016323391099,0.9863776694821592,-0.8849929064207535,0.0,20,50,3.4,90,0.0,0.0,0.0,23.0,0,5,4,2,27,7148.0
426241.732475,1.219174556389338,-0.7962611489108133,-0.521915273338747,-0.6106861038745756,0.0,70,70,2.1,50,0.0,0.0,0.0,32.0,0,6,4,2,28,5957.0
428188.47692916665,1.356156922035456,-0.4822699104334319,2.3333745266263524,1.5768804391464857,67.5,180,50,3.5,50,2.3,2.3,1.0,0.0,1,0,1,3,1,190.0
490149.857,1.7813470076480236,-0.7600313906249616,-0.8055631215002205,0.9250556258560478,0.1,290,340,1.9,50,2.3,0.0,1.0,18.0,0,1,1,3,2,4499.0
483069.0316833334,1.636937209888683,-0.7962611489108133,-1.6276288452134844,0.0122845765758138,0.0,110,200,1.8,20,0.0,0.0,0.0,57.0,0,2,1,3,3,5281.0
484111.17755,1.0668853772138591,-0.6513421157674065,-1.4629125198367052,0.4321210837515907,0.0,50,50,1.9,50,0.0,0.0,0.0,66.0,0,3,1,3,4,5556.0
483751.725525,0.6828254945880985,-0.470193324338148,0.1897695268399869,0.6248497509774933,0.0,230,250,2.1,250,0.0,0.0,0.0,56.0,0,4,1,3,5,6792.0
436913.95015,1.1003983834461115,-0.6030357713862708,1.6114290073474211,0.8013146896568836,0.0,50,50,3.3,50,0.0,0.0,0.0,39.0,0,5,1,3,6,5082.0
432920.716875,1.2044269244022223,-0.6996484601485421,0.2712726296033599,-0.0140514754055282,0.0,50,50,2.8,50,0.0,0.0,0.0,37.0,0,6,1,3,7,6522.0
482216.5871375,1.1260483125228884,-0.711725046243826,0.0742582437553581,-0.3468886044121926,0.0,230,250,1.8,270,0.0,0.0,0.0,55.0,0,0,1,3,8,6367.0
482214.0928583333,1.2300648599860338,-0.7479548045296778,0.0505107825342989,-0.4723255606896757,0.0,290,250,2.2,250,0.0,0.0,0.0,63.0,0,1,1,3,9,6418.0
483324.9628125,0.8092199058171612,-0.6271889435768387,-1.1469666112040084,-0.4485075895670413,0.0,70,270,1.8,50,0.0,0.0,0.0,129.0,0,2,1,3,10,6588.0
484352.3841166667,0.6617290014327623,-0.6996484601485421,-0.2654351260983975,-1.2103276913688386,0.0,270,250,1.8,270,0.0,0.0,0.0,156.0,0,3,1,3,11,6304.0
483082.7196375,0.5231538061587857,-0.5426528409098513,0.220357467461177,-0.2000998593532396,0.0,110,70,2.2,50,0.0,0.0,0.0,89.0,0,4,1,3,12,5841.0
438316.7944583333,0.7454111006546441,-0.5547294270051353,-0.2348471854772071,0.1946077377530066,0.0,250,270,2.2,270,0.0,0.0,0.0,74.0,0,5,1,3,13,6583.0
431360.18565000006,0.6348820860465748,-0.4339635660522963,-0.7460973601078732,0.8460474699120225,0.0,230,250,2.2,250,0.0,0.0,0.0,117.0,0,6,1,3,14,6417.0
479247.193425,0.4813552119057542,-0.3856572216711607,0.7927835233342231,0.3852553037691672,1.7,250,230,2.4,230,0.0,0.0,1.0,128.0,0,0,1,3,15,6349.0
484095.41065,0.9729932164164062,-0.7238016323391099,0.9337523874899436,-0.961534880023614,1.3,270,270,3.2,290,0.0,0.0,1.0,129.0,0,1,1,3,16,6066.0
480666.965425,0.9408679140500442,-0.8083377350060973,-0.2977331865696204,-1.5243311124527406,0.0,250,250,1.8,50,0.0,0.0,0.0,121.0,0,2,1,3,17,6885.0
480451.9553916667,0.436218785956672,-0.6030357713862708,-0.6645942573445001,-0.7733534963486179,0.0,270,250,1.8,50,0.0,0.0,0.0,132.0,0,3,1,3,18,6846.0
479599.208325,-0.2299726885954672,-0.4339635660522963,-0.3197705279406461,-0.917187180899898,0.0,140,290,2.2,70,0.0,0.0,0.0,85.0,0,4,1,3,19,8356.0
434525.32170416665,0.4336596145053324,-0.3494274633853089,0.003015860092182,0.8226145799208103,5.1,140,140,2.2,110,0.0,0.0,1.0,46.0,0,5,1,3,20,1689.0
428612.7798375,1.342566573786648,-0.6754952879579743,3.1894484306608724,0.4224857399657271,0.3,320,270,4.0,270,0.0,0.0,1.0,58.0,0,6,1,3,21,4556.0
480172.9529,1.393320829750884,-0.7962611489108133,2.5524262538453804,-0.8327577821070355,0.0,200,230,3.2,250,0.0,0.0,0.0,50.0,0,0,1,3,22,6157.0
481337.8138875,0.749287330532671,-0.5547294270051353,1.7932465312245294,-0.0717597410856263,0.0,270,200,2.5,200,0.0,0.0,0.0,108.0,0,1,1,3,23,6920.0
482689.48155416665,0.4399053575327273,-0.4822699104334319,0.7604854628630002,0.0068633337269761,0.0,290,290,2.4,270,0.0,0.0,0.0,89.0,0,2,1,3,24,7409.0
481911.5323708334,0.1337489695748924,-0.3131977050994573,0.0742582437553581,0.3714577575638197,0.0,230,270,2.2,270,0.0,0.0,0.0,95.0,0,3,1,3,25,7595.0
480191.1818,0.2288680170663212,-0.4822699104334319,-2.057375917080777,-0.7328348170305059,0.0,250,250,1.4,250,0.0,0.0,0.0,159.0,0,4,1,3,26,7622.0
433952.0855,0.140680689837525,-0.216585016337186,0.1048461843765479,0.5244898062519985,25.5,70,50,2.5,70,0.0,0.0,1.0,107.0,0,5,1,3,27,1317.0
428895.51046666666,0.4084243876014981,-0.0837425692890631,1.839031333816613,3.7169667354749065,9.2,180,200,3.3,200,0.0,0.0,1.0,0.0,0,6,1,3,28,2489.0
480952.01515833335,0.5470887140291579,-0.5184996687192835,2.037755839514648,-0.2549049630432078,0.2,270,270,3.3,250,0.0,0.0,1.0,389.0,0,0,1,3,29,6152.0
483991.26555,0.6376751161460744,-0.7358782184343938,0.3018605702245497,-1.413950742809959,0.0,290,250,2.2,270,0.0,0.0,0.0,189.0,0,1,1,3,30,8172.0
485742.555825,0.0871041169746018,-0.6513421157674065,-1.1452564913539758,-1.7890025712130544,0.0,270,290,1.8,50,0.0,0.0,0.0,50.0,0,2,1,3,31,9327.0
484434.4444833333,-0.4145609691637898,-0.6513421157674065,2.440335210460817,-2.1995888157343906,0.0,50,50,3.5,50,0.0,0.0,0.0,52.0,0,3,1,4,1,9646.0
481467.89289583336,-0.4569816880452687,-0.5547294270051353,1.839031333816613,-1.7814483286369325,0.0,50,50,3.2,70,0.0,0.0,0.0,57.0,0,4,1,4,2,9086.0
433037.7253666667,-0.3814800455814319,0.2060954969977505,1.6097188874973885,0.937157151983076,56.2,50,50,3.1,50,0.0,0.0,1.0,51.0,0,5,1,4,3,970.0
429084.13556666666,0.2017241749309321,-0.3252742911947412,0.8199512242553474,0.545841595033468,0.6,50,50,3.2,50,0.0,0.0,1.0,0.0,0,6,1,4,4,7955.0
480377.89522083336,0.4183498191201934,-0.6634187018626904,0.6738520005495283,-1.471659008490057,0.0,270,270,2.4,20,0.0,0.0,0.0,30.0,0,0,1,4,5,9267.0
481378.9877375001,0.0034595227829882,-0.470193324338148,0.8742866260975964,-0.9071667559826117,0.0,200,250,2.5,250,0.0,0.0,0.0,54.0,0,1,1,4,6,9383.0
481392.2001791667,0.0514475234861937,-0.5426528409098513,1.7846959319743645,-1.27679734153687,0.0,250,270,2.5,250,0.0,0.0,0.0,72.0,0,2,1,4,7,9098.0
479459.04244166665,0.4604044710052024,-0.8083377350060973,1.4161247413494518,-1.9829902788683105,0.0,320,290,2.7,270,0.0,0.0,0.0,41.0,0,3,1,4,8,8342.0
476611.5879125,0.2349358107608304,-0.6875718740532583,1.2428578167225086,-1.611278592104311,0.0,20,50,2.7,50,0.0,0.0,0.0,42.0,0,4,1,4,9,8986.0
429074.1462375,0.2182094881029707,-0.5547294270051353,0.0488006626842665,-0.9912110736440516,0.0,250,270,2.6,250,0.0,0.0,0.0,45.0,0,5,1,4,10,9200.0
423933.18069583335,-0.0461875100180823,-0.5305762548145675,-0.8616086431925021,-1.373380164974304,0.0,270,250,1.7,20,0.0,0.0,0.0,59.0,0,6,1,4,11,9751.0
477106.4320166667,-0.218957423290916,-0.1078957414796308,0.5957691374862208,0.2882355006827681,22.0,110,140,2.4,70,0.0,0.0,1.0,62.0,0,0,1,4,12,2177.0
478628.4627625,0.5217099793466478,-0.2769679468136055,1.2445679365725415,1.178884598918687,8.0,270,250,3.7,270,0.0,0.0,1.0,24.0,0,1,1,4,13,6832.0
481584.33270416665,0.9747430443689292,-0.6634187018626904,2.2058924045914927,-0.5149772397350725,0.0,320,270,2.9,270,0.0,0.0,0.0,50.0,0,2,1,4,14,7968.0
479733.6907875,0.2783524332045423,-0.4339635660522963,0.1931897665400527,-0.2975566420886047,0.0,290,270,2.1,270,0.0,0.0,0.0,71.0,0,3,1,4,15,8802.0
476716.15177916666,0.397884186338675,-0.4460401521475802,1.4467126819706424,-0.2327311134813497,0.7,180,200,2.6,200,0.0,0.0,1.0,103.0,0,4,1,4,16,6325.0
428100.1545875,0.6780882323338449,-0.6030357713862708,2.6933951180011,-0.4744066618994174,0.0,180,290,2.6,230,0.0,0.0,0.0,105.0,0,5,1,4,17,5464.0
422942.59656250005,0.5676793439649855,-0.4822699104334319,1.4467126819706424,0.1356404316435547,0.0,320,250,3.2,250,0.0,0.0,0.0,50.0,0,6,1,4,18,8157.0
472968.77653333335,0.1597133227537505,-0.3252742911947412,0.391914272238088,0.3948906475550313,0.0,180,200,2.4,200,0.0,0.0,0.0,69.0,0,0,1,4,19,8965.0
478836.97496666666,-0.1722734637133775,-0.361504049480593,-0.2654351260983975,-0.799304467198537,0.0,290,270,1.9,270,0.0,0.0,0.0,78.0,0,1,1,4,20,9192.0
478942.02732916665,-0.8006033186744327,-0.3252742911947412,-0.4641596317964324,-1.6071163896848266,0.0,250,250,1.8,270,0.0,0.0,0.0,81.0,0,2,1,4,21,9582.0
478388.0591958333,-1.1315093447946354,-0.3131977050994573,0.7944936431842561,-1.8036221781987904,0.0,320,50,2.5,50,0.0,0.0,0.0,78.0,0,3,1,4,22,9123.0
476144.573075,-0.7960552954083095,-0.337350877290025,2.2347702253626505,-1.344089052485289,0.0,50,50,3.2,50,0.0,0.0,0.0,41.0,0,4,1,4,23,9140.0
428591.5338291666,-0.6936096559264272,-0.3494274633853089,0.3867839126879888,-1.5264122136624825,0.0,50,340,2.7,50,0.0,0.0,0.0,24.0,0,5,1,4,24,9699.0
423194.421725,-0.7283939982762706,-0.2045084302419021,1.5061784433629897,-0.8632560365078611,0.0,70,50,2.7,50,0.0,0.0,0.0,26.0,0,6,1,4,25,11486.0
477331.4554916667,-0.4163610962323136,-0.2528147746230378,0.1371442448477708,-0.951077475457362,0.0,200,290,2.6,110,0.0,0.0,0.0,29.0,0,0,1,4,26,10514.0
478551.5561791667,-0.4323772764844839,-0.1320489136701988,0.5057154354726836,0.0056042932976224,1.7,200,230,2.3,200,0.0,0.0,1.0,35.0,0,1,1,4,27,8335.0
479479.7623208333,-0.2182451614239575,-0.1682786719560503,0.5957691374862208,-0.0441646486749311,4.7,180,230,2.4,200,0.0,0.0,1.0,58.0,0,2,1,4,28,9279.0
479607.4699541666,-0.2047057095987048,-0.3735806355758768,1.8679091545877704,-0.7173412507468389,3.9,180,200,2.3,50,0.0,0.0,1.0,59.0,0,3,1,4,29,7980.0
477750.476,0.1876947713790884,-0.1078957414796308,0.4734173750014607,1.9641375907116956,26.3,160,200,2.4,200,0.0,0.0,1.0,40.0,0,4,1,4,30,7251.0
429427.4894333333,0.2655347431856787,-0.216585016337186,1.6097188874973885,1.235718905300854,8.0,290,320,2.7,270,0.0,0.0,1.0,33.0,0,5,1,5,1,3337.0
424449.845025,0.0879966700895564,-0.2769679468136055,0.7604854628630002,0.3865143441985214,1.7,290,270,3.1,270,0.0,0.0,1.0,19.0,0,6,1,5,2,9667.0
476873.46554166666,-0.064171536270925,-0.3856572216711607,0.3341586306957732,-0.739515100308697,0.0,270,200,2.1,200,0.0,0.0,0.0,41.0,0,0,1,5,3,10009.0
477780.6259666667,-0.2276248657384957,0.1819423248071826,0.4802578544015923,1.574414256805321,19.6,290,290,2.1,50,0.0,0.0,1.0,36.0,0,1,1,5,4,1654.0
431133.0945458333,-0.1277750029927532,-0.2286616024324698,2.6424799558589176,-0.2862771767419639,0.1,270,250,3.5,250,0.0,0.0,1.0,38.0,1,2,1,5,5,10805.0
475819.9058583333,-0.1969492599975395,-0.470193324338148,2.15497724244931,-1.199433307153621,0.0,230,230,2.4,50,0.0,0.0,0.0,56.0,0,3,1,5,6,10029.0
473806.3248291667,-0.1181501930079225,-0.2286616024324698,2.498090852003131,-0.0909785301398116,8.8,200,230,3.4,230,0.0,0.0,1.0,298.0,0,4,1,5,7,6776.0
414852.06871666666,-0.2488887224091936,-0.1562020858607665,4.2594437023643215,0.0904706717394504,0.0,180,200,3.4,250,0.0,0.0,0.0,384.0,0,5,1,5,8,5272.0
415497.7518083334,-0.2875237040679432,-0.3856572216711607,3.661560065420184,-1.059376743890402,0.0,270,270,3.5,270,0.0,0.0,0.0,47.0,0,6,1,5,9,9411.0
478590.1769208333,-0.0213125981256305,-0.1682786719560503,-0.7189296591867488,1.1542445670156642,0.0,200,200,1.8,50,0.0,0.0,0.0,26.0,0,0,1,5,10,7189.0
479586.4750916667,-0.6439162058014073,-0.2648913607183217,0.9388827470400424,-1.041802076396993,0.0,140,110,2.7,110,0.0,0.0,0.0,24.0,0,1,1,5,11,10422.0
478292.0393291667,-1.2970553215094411,-0.1682786719560503,-0.8293105827212789,-1.5594285489220152,0.0,50,50,2.2,70,0.0,0.0,0.0,24.0,0,2,1,5,12,10257.0
480111.8037291667,-1.6448615863807197,0.3751677023317252,-0.4624495119463992,-0.4476336302691103,0.0,200,250,1.9,250,0.0,0.0,0.0,46.0,0,3,1,5,13,9872.0
477724.3384416667,-1.935636598322292,0.7012355269043906,-0.3486483487118033,-0.2189335672760021,0.0,250,250,1.7,50,0.0,0.0,0.0,58.0,0,4,1,5,14,9950.0
429887.9317416667,-1.85993615303384,1.0997628680487594,-1.1163786705828187,1.5597946498195852,15.0,110,110,1.7,50,0.0,0.0,1.0,66.0,0,5,1,5,15,2443.0
426103.7807041667,-1.1398859769860523,1.0876862819534754,0.1405644845478372,4.013010407933977,66.9,50,180,2.5,50,0.0,0.0,1.0,14.0,0,6,1,5,16,153.0
476503.1778333333,-0.6132084013461405,0.5321633215704161,-1.6276288452134844,3.460234600422137,3.1,50,50,1.6,50,0.0,0.0,1.0,16.0,0,0,1,5,17,3906.0
477411.2636375,-0.9847841446625192,0.2906315996647378,-0.2654351260983975,0.6766997941597886,0.0,250,270,1.7,270,0.0,0.0,0.0,39.0,0,1,1,5,18,9337.0
427876.4726916666,-1.0136621788810354,-0.0112830527173597,-0.2926028270195214,-0.7574748489335286,0.0,250,250,1.8,270,0.0,0.0,0.0,41.0,1,2,1,5,19,10316.0
473503.41785416665,-0.9806969120225962,0.1094828082354792,2.3333745266263524,0.0566322756995294,0.9,110,90,2.5,50,0.0,0.0,1.0,27.0,0,3,1,5,20,5005.0
474572.10466666665,-0.6973903086030837,0.4717803910939963,-0.4913273327175566,2.6068159383827783,6.9,50,50,1.7,290,0.0,0.0,1.0,22.0,0,4,1,5,21,6360.0
429845.58797083335,-1.0153474247177148,0.3147847718553057,1.3226507996358488,0.5362062512476039,0.2,250,270,2.5,250,0.0,0.0,1.0,40.0,0,5,1,5,22,10272.0
422576.31365,-1.1396133322832311,0.3027081857600217,0.0759683636053907,0.4388013670297822,0.0,270,270,1.7,270,0.0,0.0,0.0,52.0,0,6,1,5,23,9007.0
476001.6185125,-1.1603686983431771,0.1940189109024667,0.8997442071686873,-0.4853010461146351,0.0,270,270,2.7,250,0.0,0.0,0.0,110.0,0,0,1,5,24,9760.0
480368.979325,-0.4602169344403543,0.0732530499496277,2.948165145391417,0.4182716390287002,8.3,270,250,3.2,250,0.0,0.0,1.0,86.0,0,1,1,5,25,6657.0
480451.05763750005,-0.701449653028097,-0.0354362249079274,2.530388912474354,-0.4723255606896757,0.0,200,200,2.9,200,0.0,0.0,0.0,44.0,0,2,1,5,26,9013.0
478456.64395,-0.6645457468067362,0.3751677023317252,0.646684299628404,1.550159306033721,8.9,180,230,2.8,200,0.0,0.0,1.0,53.0,0,3,1,5,27,4981.0
477144.74292916665,-0.6170318572301111,0.3751677023317252,0.8522492847265702,2.285258274722754,12.3,250,230,2.6,250,0.0,0.0,1.0,0.0,0,4,1,5,28,5024.0
428108.30463333335,-0.5674144038910197,0.2544018413788862,-0.71379929963665,1.7015472331611234,0.3,230,250,2.2,50,0.0,0.0,1.0,31.0,0,5,1,5,29,4396.0
423305.3516625,-0.9907030960026006,0.3510145301411573,3.984346453453012,0.450465913507845,18.1,270,270,2.1,50,0.0,0.0,1.0,0.0,0,6,1,5,30,7038.0
478052.9326291666,-1.3522447752629774,0.7616184573808101,-1.287935475359729,1.830761310726668,4.0,20,50,1.8,50,0.0,0.0,1.0,59.0,0,0,1,5,31,7974.0
478172.00457916665,-1.3227723432173777,0.7012355269043906,0.7298975222418103,1.3770864075109692,3.2,290,320,2.2,50,0.0,0.0,1.0,52.0,0,1,2,6,1,8330.0
479462.4862625,-1.7702789174555904,0.6891589408091066,-0.0055347391579824,0.0549362556212107,0.0,290,290,2.1,50,0.0,0.0,0.0,62.0,0,2,2,6,2,9127.0
478503.5868125,-1.1600053545407434,0.7374652851902423,3.4373779786510568,1.7475390538456157,18.1,340,320,1.8,270,0.0,0.0,1.0,45.0,0,3,2,6,3,2853.0
476251.7382083333,-0.9693709092617157,0.2906315996647378,1.4704601431917008,0.3275470380890694,0.0,230,200,2.9,200,0.0,0.0,0.0,34.0,0,4,2,6,4,10052.0
428647.33043333335,-1.4476483641951483,0.5804696659515516,1.0458434308745068,0.3530610292900225,0.0,200,180,3.3,200,0.0,0.0,0.0,57.0,0,5,2,6,5,9753.0
423228.90959166666,-1.831722181590624,0.8944609044289332,-0.7443872402578403,0.7632621926799358,0.0,230,200,2.2,200,0.0,0.0,0.0,72.0,1,6,2,6,6,8862.0
476079.3036208334,-1.5479318598134877,0.7374652851902423,-1.3133930564308207,1.234511763389043,0.0,110,140,1.7,180,0.0,0.0,0.0,43.0,0,0,2,6,7,9480.0
476547.4454083333,-1.96540258249357,0.991073593191204,-0.9719895667270324,0.5500037974529516,0.1,290,250,1.7,50,0.0,0.0,1.0,57.0,0,1,2,6,8,9840.0
478780.7218916667,-2.179161603782552,0.8823843183336492,-1.343980997052011,-0.231472073051996,0.0,90,50,1.6,50,0.0,0.0,0.0,44.0,0,2,2,6,9,9173.0
476399.67059166665,-2.1631743355533457,1.1359926263346112,0.7298975222418103,0.4994127947000101,6.1,200,200,2.2,50,0.0,0.0,1.0,59.0,0,3,2,6,10,5921.0
473937.4940583333,-1.7322185563484824,1.1842989707157467,1.5911017858264287,2.3868772598776027,4.6,110,180,2.8,230,0.0,0.0,1.0,29.0,0,4,2,6,11,9052.0
428310.2474375,-2.060445935446177,1.2205287290015985,-0.8904864639636595,1.0358729751477944,0.0,340,320,1.8,270,0.0,0.0,0.0,34.0,0,5,2,6,12,8270.0
422939.6221541667,-2.213309592435232,1.2929882455733015,-0.4930374525675896,1.157147729005794,0.0,250,250,2.0,250,0.0,0.0,0.0,36.0,0,6,2,6,13,7810.0
475302.9846708334,-2.1019214867276848,1.1239160402393271,-0.9499522253560068,0.8117720942231356,0.0,270,250,2.1,250,0.0,0.0,0.0,54.0,0,0,2,6,14,10116.0
482093.7333375,-1.89420103508802,1.1842989707157467,-0.4861969731674579,2.05321807009055,1.9,50,50,2.3,50,0.0,0.0,1.0,40.0,0,1,2,6,15,6937.0
485204.1246166666,-1.976089702557298,0.7495418712855261,1.6199796065975858,0.2318381739495661,0.0,50,50,3.6,50,0.0,0.0,0.0,19.0,0,2,2,6,16,10362.0
479174.65355833335,-1.6676818977964232,0.8340779739525137,-0.8276004628712462,1.2725642603659908,0.0,110,50,2.4,50,0.0,0.0,0.0,26.0,0,3,2,6,17,8614.0
477536.5253,-1.4717251949364871,1.172222384620463,-0.6866315987155258,3.2482352456245067,6.3,200,200,2.5,200,0.0,0.0,1.0,32.0,0,4,2,6,18,5114.0
429396.3436708333,-1.7300591284923164,0.9427672488100688,-0.8293105827212789,1.0082778827370993,0.0,160,270,1.8,270,0.0,0.0,0.0,65.0,0,5,2,6,19,9245.0
423554.6888375,-1.8596987770240896,1.003150179286488,2.583014194466569,0.9334319292125576,0.0,270,230,2.8,230,0.0,0.0,0.0,65.0,0,6,2,6,20,8866.0
478992.725725,-1.9084128139026757,0.870307732238365,-0.0650005005503298,0.5157284217640653,0.0,250,270,2.2,270,0.0,0.0,0.0,56.0,0,0,2,6,21,11247.0
483391.12765416666,-1.8858130318118835,0.8340779739525137,3.8076592891260015,0.3865143441985214,0.0,180,200,2.1,50,0.0,0.0,0.0,33.0,0,1,2,6,22,9926.0
483308.90595,-1.7992625288742663,0.8582311461430814,1.730360530132116,0.8473065103413759,7.5,360,50,2.4,50,0.0,0.0,1.0,22.0,0,2,2,6,23,9434.0
483110.5696208333,-1.8474119974174277,0.9548438349053529,-0.2059693647060497,0.9602049608428648,0.0,250,270,1.9,50,0.0,0.0,0.0,40.0,0,3,2,6,24,10893.0
479664.5076541667,-2.038821131771535,1.03937993757234,-0.0089549788580479,0.7356671002692405,0.0,290,290,2.0,270,0.0,0.0,0.0,52.0,0,4,2,6,25,10827.0
430336.0355875,-1.903555852671158,1.1963755568110308,-1.286225355509696,1.812364582452871,4.5,20,360,1.8,50,0.0,0.0,1.0,32.0,0,5,2,6,26,8334.0
421289.7432833333,-2.170399839295857,1.172222384620463,3.6055145437279017,0.6649833491641824,38.2,180,200,2.0,50,0.0,0.0,1.0,26.0,0,6,2,6,27,6795.0
480213.2551041667,-2.133157610602616,1.2567584872874502,-0.3741059297828949,1.459871684743056,0.1,50,50,1.9,50,0.0,0.0,1.0,28.0,0,0,2,6,28,7765.0
474702.12104166666,-2.1477504336669906,1.3654477621450052,-0.720639779036782,1.518402011203542,8.0,200,200,1.8,50,0.0,0.0,1.0,38.0,0,1,2,6,29,8772.0
484283.9787375,-2.1799889427891013,1.401677520430857,-0.6543335382443025,1.443556057679001,6.0,20,50,1.3,20,0.0,0.0,1.0,53.0,0,2,2,6,30,9932.0
484480.3153791667,-2.407380696411171,1.4499838648119925,-0.6340063167233102,0.6950965224335859,0.0,360,320,1.8,50,0.0,0.0,0.0,42.0,0,3,2,7,1,11169.0
480036.1940375,-2.558721884687689,1.3171414177638698,-0.9991572676481568,0.4676554998698308,0.0,20,50,2.3,50,0.0,0.0,0.0,27.0,0,4,2,7,2,11180.0
432769.1749583334,-1.8284769442879136,1.1842989707157467,2.1363601407783506,1.8387006344342125,60.0,50,50,3.6,50,0.0,0.0,1.0,16.0,0,5,2,7,3,3837.0
426987.1745458333,-1.747091014492047,1.558673139669548,0.391914272238088,3.848261914250192,21.4,180,200,2.3,70,0.0,0.0,1.0,15.0,0,6,2,7,4,2413.0
480697.0191166667,-1.9792238243057343,1.3292180038591537,-1.2301798338174146,1.937801538730353,0.0,230,200,1.4,290,0.0,0.0,0.0,29.0,0,0,2,7,5,10902.0
482186.627275,-2.285543835011247,1.401677520430857,-1.2336000735174804,1.193941185553388,0.0,250,250,1.6,50,0.0,0.0,0.0,50.0,0,1,2,7,6,11322.0
478159.8470875,-2.521874207751936,1.8243580337657936,-1.486659981057764,1.8976679405436645,12.7,160,140,1.5,290,0.0,0.0,1.0,57.0,0,2,2,7,7,9572.0
475922.3329166667,-2.539091505944442,1.8605877920516452,-0.0955884411715196,2.0828942637109877,2.9,270,250,2.0,270,0.0,0.0,1.0,33.0,0,3,2,7,8,9436.0
470893.8212458333,-2.4241082210616054,1.6069794840506832,-0.4913273327175566,1.714522718586083,0.0,250,230,1.9,270,0.0,0.0,0.0,21.0,0,4,2,7,9,10151.0
421277.548375,-2.4607266152038494,1.800204861575226,0.9897979091822257,1.771794004617216,0.5,270,230,2.4,200,0.0,0.0,1.0,37.0,0,5,2,7,10,7650.0
414805.2467041667,-2.462811497344089,2.02965999738562,0.1626018259188622,2.9618269169513005,0.4,230,230,2.2,200,0.0,0.0,1.0,43.0,0,6,2,7,11,6694.0
466646.08225416666,-2.792431576237612,1.993430239099768,-1.598751024442327,1.442733996898612,0.0,160,160,1.6,50,0.0,0.0,0.0,32.0,0,0,2,7,12,9811.0
465633.48635,-2.937522168294863,2.1987322027195946,-1.1180887904328511,1.6593325337646918,0.0,160,290,1.7,50,0.0,0.0,0.0,41.0,0,1,2,7,13,10021.0
465397.95125,-3.053721441079671,2.138349272243175,-0.3469382288617704,1.1872609022751972,0.0,200,160,2.2,200,0.0,0.0,0.0,27.0,0,2,2,7,14,9439.0
467761.3705041667,-3.0380644375525563,2.005506825195052,0.3970446317881861,0.9602049608428648,0.0,50,250,2.1,50,0.0,0.0,0.0,24.0,0,3,2,7,15,8924.0
461008.68655,-2.9316812002390336,1.800204861575226,4.016644513924235,0.5374652916769581,0.0,360,50,2.2,50,0.0,0.0,0.0,21.0,0,4,2,7,16,7574.0
410365.6254125,-2.8155086304475345,1.5949028979553992,-0.0870378419213551,0.5496187163215291,0.0,90,160,2.3,50,0.0,0.0,0.0,19.0,0,5,2,7,17,7823.0
407603.28742916667,-2.9603512154559373,1.6552858284318188,-0.3469382288617704,0.3514169077292464,0.0,160,160,2.1,110,0.0,0.0,0.0,22.0,0,6,2,7,18,6797.0
463804.4088833334,-2.600861944681924,1.8605877920516452,0.305280809924616,1.8006481374572647,67.4,290,340,1.9,50,0.0,0.0,1.0,22.0,0,0,2,7,19,6855.0
464958.6075541666,-2.7403116621166688,1.9692770669092008,-1.1452564913539758,1.474928271377757,0.0,230,250,1.5,50,0.0,0.0,0.0,24.0,0,1,2,7,20,9205.0
466996.77505,-3.082468682573425,1.848511205956361,-1.4815296215076654,0.1644945644836039,0.0,110,140,1.7,50,0.0,0.0,0.0,26.0,0,2,2,7,21,9480.0
466053.48539166665,-3.184723889022708,1.776051689384658,-0.8870662242635934,-0.1566261195274546,0.0,180,50,2.0,50,0.0,0.0,0.0,29.0,0,3,2,7,22,9231.0
461579.16565416666,-3.2456354502916853,1.920970722528065,-1.0875008498116612,0.1486159170685142,0.0,110,160,1.8,70,0.0,0.0,0.0,37.0,0,4,2,7,23,9057.0
412052.9123083334,-3.247841251124989,1.7398219310988063,-0.5202051534887138,-0.2670064891702363,0.0,160,160,1.7,140,0.0,0.0,0.0,37.0,0,5,2,7,24,6602.0
407427.9217666667,-3.2076382911233274,1.643209242336535,0.11168666377668,-0.2126383651292337,0.0,140,160,2.0,140,0.0,0.0,0.0,28.0,0,6,2,7,25,5853.0
465406.1256125,-3.1585395765189515,1.5465965535742638,-0.3775261694829607,-0.2540310037452768,0.0,110,160,2.4,90,0.0,0.0,0.0,29.0,0,0,2,7,26,9559.0
466186.0613416667,-3.252075508905178,1.8605877920516452,-0.0650005005503298,0.131478229224071,0.0,290,250,2.1,50,0.0,0.0,0.0,29.0,0,1,2,7,27,9325.0
463846.63464166666,-3.178980251676163,2.0658897556714715,-0.070130860100428,0.8326869033556403,0.0,270,250,1.9,50,0.0,0.0,0.0,38.0,0,2,2,7,28,8615.0
462605.3599375,-3.0654757785361024,2.0417365834809043,-0.7460973601078732,1.1609248502938554,0.0,290,270,2.0,270,0.0,0.0,0.0,46.0,0,3,2,7,29,9138.0
458270.79199166666,-3.1107270857170293,1.8364346198610773,-0.4029837505540523,0.2937086420491482,0.0,110,140,2.1,140,0.0,0.0,0.0,30.0,0,4,2,7,30,8891.0
407890.0121958333,-3.1170184092677067,2.0658897556714715,-0.4930374525675896,0.9476664550668712,3.0,180,270,2.5,200,0.0,0.0,1.0,25.0,0,5,2,7,31,6367.0
404493.4321125,-2.6551668053829958,2.114196100052607,0.1354341249977385,2.30535102307487,21.0,140,160,1.3,360,0.0,0.0,1.0,40.0,0,6,2,8,1,2647.0
460056.6351375,-2.5957222759948,2.017583411290336,-1.3728588178231682,2.25684112153167,1.7,200,200,1.6,200,0.0,0.0,1.0,20.0,0,0,2,8,2,7888.0
461942.0539958333,-2.7661261491330444,2.0658897556714715,0.988087789332192,1.6108226322214927,0.0,160,160,1.8,50,0.0,0.0,0.0,27.0,0,1,2,8,3,9317.0
462746.3648416667,-2.973599216893554,1.9330473086233484,-0.290892707169489,0.9372090505006184,0.0,250,180,2.0,200,0.0,0.0,0.0,25.0,0,2,2,8,4,9014.0
463795.1804416666,-2.980214642670264,1.908894136432781,-0.5473728544098385,0.9075328568801811,0.0,290,290,2.1,270,0.0,0.0,0.0,25.0,0,3,2,8,5,9206.0
460179.38409583335,-2.8205443875877254,1.6915155867176703,4.492176388383612,1.091937119267117,0.0,290,320,2.1,50,0.0,0.0,0.0,19.0,0,4,2,8,6,9461.0
413396.8022333333,-2.6531136221660034,1.4862136230978442,-0.7766853007290634,0.5516998175312711,0.0,290,340,2.1,270,0.0,0.0,0.0,17.0,0,5,2,8,7,8333.0
406562.92922916665,-2.685948488115174,1.7398219310988063,0.2577858874824986,1.3862847716478677,12.7,50,50,1.7,50,0.0,0.0,1.0,23.0,0,6,2,8,8,4266.0
466080.34307916666,-2.7079283359316944,1.4137541065261408,0.1914796466900198,0.1762110094792097,0.0,20,340,2.3,50,0.0,0.0,0.0,16.0,0,0,2,8,9,10603.0
468756.64666666667,-2.647683473729619,1.3533711760497211,0.0828088430055224,0.3514169077292464,0.0,200,200,2.3,70,0.0,0.0,0.0,21.0,0,1,2,8,10,10684.0
467835.34989583335,-2.660826218889662,1.6552858284318188,-0.8616086431925021,0.8381081462044774,0.0,320,320,2.0,50,0.0,0.0,0.0,39.0,0,2,2,8,11,10113.0
465743.9814791667,-2.574694443416552,1.401677520430857,1.4077683587786896,0.8188893571502921,0.0,110,110,1.8,50,0.0,0.0,0.0,37.0,0,3,2,8,12,8838.0
461079.45335,-2.4898439135391843,1.510366795288412,-1.0857907299616285,1.1839207606361015,0.0,70,50,2.0,50,0.0,0.0,0.0,29.0,0,4,2,8,13,10979.0
409376.0536291667,-2.398813496588,1.172222384620463,0.7401582413420069,0.6290638519145199,0.0,50,50,3.0,50,0.0,0.0,0.0,16.0,0,5,2,8,14,9482.0
400243.7054541667,-2.4266858241054923,1.0876862819534754,-0.8004327619501217,0.0047822325172343,0.0,70,50,2.3,50,0.0,0.0,0.0,18.0,1,6,2,8,15,9438.0
410582.1908208334,-2.535216317597696,1.2084521429063144,-0.8293105827212789,-0.0115333945468207,0.0,70,160,2.3,50,0.0,0.0,0.0,23.0,1,0,2,8,16,8400.0
465381.527175,-2.3481604184400924,1.1359926263346112,0.4548002733305004,0.4663964594404773,9.3,110,70,2.4,50,0.0,0.0,1.0,22.0,0,1,2,8,17,5693.0
469120.41661666665,-2.183339436369386,1.0876862819534754,0.9320422676399108,0.7632621926799358,5.6,70,50,2.8,50,0.0,0.0,1.0,19.0,0,2,2,8,18,9482.0
469144.7305208333,-2.250613473605966,0.8582311461430814,-0.1702510645347613,-0.0675456401485998,0.0,110,50,2.6,50,0.0,0.0,0.0,18.0,0,3,2,8,19,11843.0
465967.1700958333,-2.411067463894973,1.232605315096882,0.9371726271900094,0.5726146266637754,0.0,160,140,2.3,50,0.0,0.0,0.0,24.0,0,4,2,8,20,11357.0
422938.49700416665,-2.0613129238541497,1.6915155867176703,2.1515570027492443,2.808357888614156,62.8,290,290,2.7,50,0.0,0.0,1.0,23.0,0,5,2,8,21,3292.0
418289.289425,-2.2024857839713348,1.5707497257648315,-0.0327024400791061,1.950340044506348,0.0,230,230,2.1,250,0.0,0.0,0.0,28.0,0,6,2,8,22,9490.0
471935.5423208333,-1.8820737465981108,1.4982902091931285,-0.764714461778833,2.9488514315263408,7.4,90,90,2.0,50,0.0,0.0,1.0,36.0,0,0,2,8,23,3578.0
475119.5221583333,-2.121901157627724,1.848511205956361,1.5553834856551394,3.615784729969023,10.5,200,200,2.9,50,0.0,0.0,1.0,19.0,0,1,2,8,24,3491.0
473510.7072583333,-2.3504932544595003,1.8243580337657936,-0.8021428818001549,2.560824117698286,0.3,140,160,1.8,160,0.0,0.0,1.0,21.0,0,2,2,8,25,9888.0
470778.2370916667,-2.395135597051067,1.920970722528065,0.4190819731592117,2.618532383378384,0.7,180,180,2.5,230,0.0,0.0,1.0,48.0,0,3,2,8,26,9514.0
469414.64310416667,-1.8797231109787165,1.3171414177638698,-1.6870946066058317,2.21293040205692,0.9,250,250,1.3,290,0.0,0.0,1.0,36.0,0,4,2,8,27,6724.0
422145.230675,-2.048514307273006,1.3775243482402892,-0.601708256252087,1.6438389674810254,0.0,270,270,1.8,270,0.0,0.0,0.0,45.0,0,5,2,8,28,10310.0
418735.4879416667,-2.0916909804376576,1.4862136230978442,-1.3728588178231682,2.086234405350083,0.9,340,320,1.6,270,0.0,0.0,1.0,42.0,0,6,2,8,29,9482.0
472504.6707333333,-2.124464086617721,1.3775243482402892,-1.9707424547673056,1.5104626874959974,0.0,270,250,1.4,270,0.0,0.0,0.0,46.0,0,0,2,8,30,11615.0
475008.68710416666,-1.558274513604756,1.280911659478018,0.5363033760938742,3.0901670352189137,77.4,70,70,2.3,50,0.0,0.0,1.0,37.0,0,1,2,8,31,1816.0
477138.7468916666,-1.6174542778753969,1.1239160402393271,0.3664566911669961,2.36514038996471,0.8,50,50,2.9,50,0.0,0.0,1.0,9.0,0,2,3,9,1,10016.0
475399.889775,-1.930051748254779,1.0273033514770558,-1.14183625165391,1.1366698995222553,0.0,50,70,2.1,50,0.0,0.0,0.0,17.0,0,3,3,9,2,9941.0
473417.9739375,-2.000292483368094,0.7374652851902423,-0.4590292722463337,-0.0909785301398116,0.0,50,50,2.4,70,0.0,0.0,0.0,17.0,0,4,3,9,3,12764.0
425110.6453916666,-1.7546636827911677,0.5200867354751321,-0.7426771204078071,0.0558102149191414,0.0,50,70,2.7,50,0.0,0.0,0.0,12.0,0,5,3,9,4,12122.0
421043.9250583334,-1.7757550736772043,0.6650057686185388,0.8250815838054466,0.5002867539979412,0.0,90,50,3.2,50,0.0,0.0,0.0,14.0,0,6,3,9,5,11323.0
474487.520975,-1.6736912531756691,0.8220013878572296,1.565644204755337,0.9142131401583724,12.0,70,70,3.2,70,0.0,0.0,1.0,19.0,0,0,3,9,6,5545.0
476325.6350375,-1.3874241143554815,1.280911659478018,0.0250532014632081,4.036006318276223,29.6,70,50,2.3,50,0.0,0.0,1.0,14.0,0,1,3,9,7,1171.0
477347.5429875,-1.8335125055203567,1.160145798525179,-0.5779607950310284,1.7278832851424653,1.6,270,270,1.7,270,0.0,0.0,1.0,15.0,0,2,3,9,8,12176.0
474302.81764583336,-2.0130056563935583,1.2084521429063144,-1.885819112303867,1.0379540763575366,0.0,50,20,1.5,20,0.0,0.0,0.0,40.0,0,3,3,9,9,12102.0
472179.6664666667,-2.031301052095292,1.2084521429063144,-0.3486483487118033,1.100261524106084,0.0,290,290,1.9,20,0.0,0.0,0.0,41.0,0,4,3,9,10,11608.0
427979.5060375,-2.0807856641412594,1.160145798525179,0.8997442071686873,0.966885244121056,0.0,360,320,1.7,20,0.0,0.0,0.0,36.0,0,5,3,9,11,10978.0
422196.3065041667,-2.0069227436599864,0.8944609044289332,-0.465869751646465,0.2347413359396959,0.0,290,320,1.8,270,0.0,0.0,0.0,21.0,0,6,3,9,12,10761.0
475666.5455625,-2.1879107427837203,1.0997628680487594,-0.7172195393367159,0.6909343200141016,0.0,50,50,2.4,50,0.0,0.0,0.0,25.0,0,0,3,9,13,12022.0
476369.52964583336,-2.041544736147633,0.870307732238365,1.1307667733379454,0.174951969049856,0.0,50,50,2.6,50,0.0,0.0,0.0,20.0,0,1,3,9,14,11766.0
477917.4443208333,-1.8556304750838208,0.5804696659515516,1.7898262915244632,0.0361544462159907,0.0,20,50,3.6,70,0.0,0.0,0.0,16.0,0,2,3,9,15,11932.0
475960.6424375,-1.683861522611751,0.6166994242374033,0.166022065618928,0.2870283587709571,0.0,50,50,2.6,50,0.0,0.0,0.0,14.0,0,3,3,9,16,11581.0
465656.2683833333,-1.9056765121958896,0.7133121129996747,1.878169873687968,0.2581742259309079,0.0,70,70,3.0,50,0.0,0.0,0.0,16.0,0,4,3,9,17,12169.0
406779.56130833336,-1.970154465632033,0.8823843183336492,-0.8055631215002205,0.3856922834181327,0.0,270,290,1.6,50,0.0,0.0,0.0,16.0,0,5,3,9,18,9960.0
382532.50860833336,-1.9309871127159597,0.7978482156666619,-1.7703078292192378,0.4977686731392338,0.0,70,160,1.9,50,0.0,0.0,0.0,14.0,0,6,3,9,19,8742.0
363716.13380833337,-1.8827599906340011,0.8099248017619456,2.188985422770566,0.4873112685729817,0.0,110,140,2.7,90,0.0,0.0,0.0,15.0,1,0,3,9,20,8105.0
369792.0702916667,-1.7440885497673866,1.280911659478018,2.5201281933741564,1.9453038827889328,68.1,320,320,2.9,180,0.0,0.0,1.0,22.0,1,1,3,9,21,5966.0
404133.9705958333,-1.4126236807507513,0.8099248017619456,1.957962856601308,1.536798739477339,4.5,230,270,2.7,250,0.0,0.0,1.0,18.0,1,2,3,9,22,10200.0
462145.4068208334,-1.4490398974448564,0.5442399076656997,1.8950768555088948,0.6574810051056034,0.0,320,320,2.4,270,0.0,0.0,0.0,18.0,0,3,3,9,23,12612.0
467769.724625,-1.5711276246390722,0.6650057686185388,-0.7732650610289975,0.5813760111517083,0.0,50,50,2.2,50,0.0,0.0,0.0,20.0,0,4,3,9,24,12961.0
425885.5183583333,-1.4895632907500256,0.7857716295713778,-1.0857907299616285,1.668967877550556,0.0,50,50,2.3,50,0.0,0.0,0.0,12.0,0,5,3,9,25,11796.0
421608.6950333333,-1.7004708445764976,0.6529291825232552,-0.7987226421000888,0.5450195342530799,0.0,70,50,2.3,70,0.0,0.0,0.0,10.0,0,6,3,9,26,11707.0
474298.386025,-1.5495603772574529,0.628776010332687,-0.9159440450347508,0.7682983543973507,0.0,50,140,2.4,70,0.0,0.0,0.0,14.0,0,0,3,9,27,10635.0
474824.674575,-1.6323041823798037,0.8823843183336492,-1.0025775073482224,1.2721272807170247,1.3,110,140,2.2,50,0.0,0.0,1.0,14.0,0,1,3,9,28,6721.0
477153.2114541666,-1.4412301022134122,1.2446819011921662,0.2849535884036234,3.5258821898097805,13.1,230,230,1.7,50,0.0,0.0,1.0,19.0,0,2,3,9,29,4722.0
476005.3392333333,-1.5043692537607911,0.9669204210006364,-1.5444156226000785,2.018068735103733,0.0,290,270,1.5,20,0.0,0.0,0.0,26.0,0,3,3,9,30,11850.0
473972.7220166667,-1.611866312798355,0.7978482156666619,7.080725322008163,0.7925014066514077,13.3,320,290,2.4,270,0.0,0.0,1.0,39.0,0,4,3,10,1,11437.0
426164.9984541666,-1.5265298564859606,0.7978482156666619,-1.4000265187442922,1.1935042059044223,0.0,50,250,1.6,20,0.0,0.0,0.0,0.0,0,5,3,10,2,11192.0
416592.3265375,-1.7283155161855337,0.7616184573808101,-0.2654351260983975,0.4174495782483121,0.0,180,180,1.9,50,0.0,0.0,0.0,39.0,1,6,3,10,3,11497.0
420165.3402875,-1.8520844816480908,1.3292180038591537,2.4794737503321707,2.268557566527276,3.6,180,200,2.9,200,0.0,0.0,1.0,36.0,1,0,3,10,4,5394.0
476392.30875,-2.08281009579658,1.4741370370025602,1.9002072150589937,2.077036041213185,0.0,180,180,3.3,200,0.0,0.0,0.0,32.0,0,1,3,10,5,9971.0
477804.113575,-1.323098903550491,0.9669204210006364,-0.4064039902541178,3.2632918322592084,6.4,70,50,2.8,50,0.0,0.0,1.0,12.0,0,2,3,10,6,6590.0
477909.4045583333,-1.341067917103631,0.9065374905242168,-0.8921965838136924,2.6034757967436826,4.6,250,250,1.9,270,0.0,0.0,1.0,17.0,0,3,3,10,7,9233.0
473907.7310333333,-1.2239937480657883,0.9669204210006364,-1.6819642470557332,3.3393968262131035,3.5,50,50,1.7,50,0.0,0.0,1.0,28.0,0,4,3,10,8,6051.0
423031.809,-1.5905161305497368,1.0635331097629075,-0.8581884034924362,2.426188797283904,0.4,50,50,2.3,50,0.0,0.0,1.0,13.0,1,5,3,10,9,10294.0
411041.98552083335,-1.3822465593591642,1.0876862819534754,0.2220675873112099,3.020357243411787,14.2,320,250,2.2,270,0.0,0.0,1.0,24.0,0,6,3,10,10,2723.0
420077.09962083335,-0.4747056500500491,0.2181720830930344,1.2105597562512855,1.987570480702907,0.3,290,320,2.2,50,0.0,0.0,1.0,24.0,1,0,3,10,11,9786.0
475525.3424375,-0.9249796638186408,0.2302486691883183,1.4721702630417337,0.8615410361956889,0.0,110,70,3.3,70,0.0,0.0,0.0,14.0,0,1,3,10,12,11470.0
477233.1318208333,-1.2100871513140783,0.4113974606175768,-0.2008390051559513,0.7958934468080459,0.0,70,70,2.4,50,0.0,0.0,0.0,16.0,0,2,3,10,13,12360.0
475156.4080333333,-1.3365719665823057,0.5925462520468356,-0.549082974259871,1.203139549690286,0.0,180,270,2.0,270,0.0,0.0,0.0,24.0,0,3,3,10,14,11585.0
471811.46589166665,-1.1495715219796825,0.5442399076656997,-1.0909210895117272,1.410539722419468,0.0,360,320,2.1,340,0.0,0.0,0.0,26.0,0,4,3,10,15,10505.0
428606.22205416666,0.6016616258551725,-0.6271889435768387,1.735490889682215,-0.978235588219092,0.0,320,290,3.4,290,0.0,0.0,0.0,30.0,0,5,3,10,16,5759.0
424739.27379583335,1.647633830844095,-1.0015631125306397,2.404616910289528,-1.6986630514048462,0.0,320,320,2.9,270,0.0,0.0,0.0,21.0,0,6,3,10,17,5070.0
470543.7865,0.7252056288762332,-0.5064230826239997,-1.0875008498116612,-0.171682706162156,5.6,180,200,2.0,50,0.0,0.0,1.0,27.0,0,0,3,10,18,7203.0
475189.4332583333,0.3526794834890858,-0.2648913607183217,0.8742866260975964,0.8677843398249147,4.4,250,270,2.4,270,0.0,0.0,1.0,43.0,0,1,3,10,19,8682.0
475791.0074625,0.6267837700658448,-0.5064230826239997,-1.1180887904328511,-0.0073711921273367,0.0,250,250,1.7,270,0.0,0.0,0.0,33.0,0,2,3,10,20,9429.0
474892.1068041667,0.5711269900700352,-0.5064230826239997,-1.1741343121251329,0.1690937465520529,0.0,320,320,1.7,20,0.0,0.0,0.0,35.0,0,3,3,10,21,9368.0
471348.41688333335,0.4860435190132015,-0.5426528409098513,0.5651811968650313,-0.3916213846673312,0.0,290,320,1.8,290,0.0,0.0,0.0,39.0,0,4,3,10,22,10010.0
427736.0280458333,0.3646340748401342,-0.5184996687192835,-1.343980997052011,-0.5701674245564634,0.0,320,200,1.6,270,0.0,0.0,0.0,39.0,0,5,3,10,23,8423.0
422460.6469458333,0.3033982508838315,-0.4218869799570125,-1.1961716534961588,0.0377985677767672,0.0,340,290,1.7,20,0.0,0.0,0.0,33.0,0,6,3,10,24,7822.0
475518.8564541666,0.2738991512913762,-0.3856572216711607,-1.259057654588572,-0.0257679204011339,0.0,290,290,1.9,290,0.0,0.0,0.0,31.0,0,0,3,10,25,9601.0
476878.83612083335,-0.0638282719910394,-0.0958191553843469,-1.683674366905766,0.9886221140339486,0.0,290,180,1.7,270,0.0,0.0,0.0,57.0,0,1,3,10,26,10403.0
477241.5218833333,-0.0414338637873902,-0.2648913607183217,-0.5745405553309625,-0.2043139602902661,0.0,340,270,2.2,290,0.0,0.0,0.0,59.0,0,2,3,10,27,9834.0
475856.55450416665,0.1359379060001312,-0.4822699104334319,-1.435744818915581,-0.6516936613591959,0.0,50,290,1.4,50,0.0,0.0,0.0,31.0,0,3,3,10,28,10007.0
472532.13698750007,-0.2421702129858592,-0.3131977050994573,-1.0025775073482224,-0.3786458992423718,0.0,110,90,2.0,50,0.0,0.0,0.0,22.0,0,4,3,10,29,10485.0
428182.9324625,-0.1410973896850042,-0.2407381885277539,-1.714262307526956,0.4321210837515907,0.0,50,50,1.6,50,0.0,0.0,0.0,25.0,0,5,3,10,30,8203.0
425049.4549625,-0.281585519781101,-0.0233596388126436,-0.5728304354809296,0.848128571121764,0.7,320,320,1.6,20,0.0,0.0,1.0,40.0,0,6,3,10,31,7345.0
477945.2973,-0.0985684671643745,-0.0595893970984954,-0.6611740176444343,1.2453542490867178,0.0,200,250,1.9,250,0.0,0.0,0.0,48.0,0,0,3,11,1,10032.0
479643.56442916667,0.1391544094643974,-0.1803552580513344,-1.287935475359729,1.170508295562176,0.0,270,250,1.7,270,0.0,0.0,0.0,47.0,0,1,3,11,2,10272.0
480776.2906583333,0.1434778870144026,-0.2407381885277539,-1.1758444319751655,0.149823058980325,0.0,360,250,1.5,270,0.0,0.0,0.0,49.0,0,2,3,11,3,10406.0
479711.8308375,0.0578042393297964,-0.0595893970984954,-1.96732221506724,1.8997490417534064,0.0,200,200,1.3,20,0.0,0.0,0.0,69.0,0,3,3,11,4,9811.0
476731.4093333333,-0.0475791505594033,-0.2528147746230378,-2.053955677380712,-0.1830140700263391,0.0,50,50,1.5,20,0.0,0.0,0.0,74.0,0,4,3,11,5,10353.0
429088.2427333333,-0.1874168848970086,-0.2769679468136055,-1.911276693374958,-0.2247917897738048,0.0,20,50,1.6,20,0.0,0.0,0.0,63.0,0,5,3,11,6,9135.0
427079.7935083333,-0.3121975059056761,-0.2286616024324698,0.5074255553227166,-0.0918005909201997,0.0,110,160,2.1,70,0.0,0.0,0.0,32.0,0,6,3,11,7,8922.0
480446.2569125,0.5746946196762283,-0.3011211190041735,5.110387246848743,1.6793733835992652,25.7,270,270,3.2,250,0.0,0.0,1.0,15.0,0,0,3,11,8,1039.0
484170.2758875,1.4040732180449509,-0.5668060131004192,0.6772722402495941,2.1510599339573377,2.0,270,270,2.4,200,0.0,0.0,1.0,13.0,0,1,3,11,9,2579.0
482830.0085041667,1.567073308362344,-0.6754952879579743,1.042423191174441,1.2365928645987851,0.3,270,270,2.5,270,0.0,0.0,1.0,19.0,0,2,3,11,10,6575.0
481310.1892833333,1.4190171318047988,-0.7600313906249616,2.0343355998145825,0.3919874855649014,0.0,290,290,2.9,270,0.0,0.0,0.0,19.0,0,3,3,11,11,7522.0
478373.3608375,1.6289279000467969,-0.8566440793872329,1.5893916659763951,-0.2310350934030306,0.0,320,290,2.6,290,0.0,0.0,0.0,20.0,0,4,3,11,12,7697.0
431000.00227916666,1.1005484632395672,-0.590959185290987,-1.1978817733461915,0.6449424993296092,0.0,200,200,1.5,20,0.0,0.0,0.0,25.0,0,5,3,11,13,6539.0
425966.99251666665,0.2465739754244569,-0.3131977050994573,1.042423191174441,0.345943766362866,0.0,200,200,2.2,50,0.0,0.0,0.0,54.0,0,6,3,11,14,6761.0
477021.0751,0.4766160969908851,-0.3977338077664445,-1.571583323521203,0.2443247812080172,0.0,250,270,1.6,270,0.0,0.0,0.0,50.0,0,0,3,11,15,9056.0
481811.378675,0.8332766498492924,-0.5788825991957031,-0.5236253931887797,-0.0224277787620384,0.0,320,290,1.9,270,0.0,0.0,0.0,44.0,0,1,3,11,16,8978.0
483182.8801041667,1.054349619919974,-0.6392655296721226,-1.4306144593654824,-0.0015129696295343,0.0,250,270,1.6,270,0.0,0.0,0.0,33.0,0,2,3,11,17,8861.0
479781.4086708333,0.1868349232722097,-0.1924318441466183,0.7281874023917773,1.3302725260460888,0.0,180,230,2.4,50,0.0,0.0,0.0,57.0,0,3,3,11,18,8408.0
475978.7543625,-0.1497827567474098,0.0974062221401954,-1.0875008498116612,2.1874164108559664,0.0,250,200,1.9,200,0.0,0.0,0.0,102.0,0,4,3,11,19,9347.0
431845.7616166666,0.3462533596453083,-0.2648913607183217,-1.914696933075024,0.8903432705181955,0.0,200,180,1.6,20,0.0,0.0,0.0,140.0,0,5,3,11,20,6657.0
428837.3332916666,0.4429899017261106,-0.3011211190041735,3.834826990047127,1.3678880433740712,5.9,290,270,1.9,70,0.0,0.0,1.0,0.0,0,6,3,11,21,4932.0
478811.9741125,1.8653345815956424,-0.8445674932919489,3.209775652181865,0.2765709542047048,1.3,320,270,4.1,270,0.0,0.0,1.0,0.0,0,0,3,11,22,6166.0
482395.9318791667,2.5508606392414954,-0.977409940340072,1.161354713959136,0.405785031770249,0.0,320,250,3.2,270,0.0,0.0,0.0,23.0,0,1,3,11,23,6020.0
482457.1932,1.7387501291494736,-0.7479548045296778,0.11168666377668,0.818067296369904,0.0,270,250,1.9,230,0.0,0.0,0.0,25.0,0,2,3,11,24,7360.0
482138.8326083333,1.4239306255212836,-0.8204143211013811,0.1065563042265808,-0.5479935749946053,0.0,290,290,2.2,270,0.0,0.0,0.0,40.0,0,3,3,11,25,7595.0
479024.9641458333,1.9019114382293951,-0.8928738376730846,-0.1465036033137028,-0.3903623442379775,0.0,290,290,2.2,270,0.0,0.0,0.0,25.0,0,4,3,11,26,7276.0
437461.4883333333,1.8158916852426867,-0.9291035959589364,-1.0348755678194457,-0.7252805744543839,0.0,340,340,1.6,290,0.0,0.0,0.0,41.0,0,5,3,11,27,5273.0
428984.565825,1.5674363748275568,-0.8807972515778006,-1.99791015568843,-0.8808307040012697,0.0,70,50,1.5,50,0.0,0.0,0.0,59.0,0,6,3,11,28,5114.0
479399.78907916666,0.9981880005127104,-0.6271889435768387,-1.9129868132249912,0.371072676432397,0.0,70,70,1.6,20,0.0,0.0,0.0,66.0,0,0,3,11,29,7853.0
485212.4253958333,1.3318094491766366,-0.4943464965287159,4.548221910075894,1.771794004617216,27.2,290,250,3.7,270,0.0,0.0,1.0,31.0,0,1,3,11,30,2320.0
483573.93980416673,2.6997684715369767,-1.061946043007059,2.9515853850914824,-0.481909005957997,0.0,290,290,4.2,270,0.0,0.0,0.0,19.0,0,2,4,12,1,5180.0
483645.0998333333,2.2351462501675554,-0.8324909071966651,-0.0072448590080153,0.7737195972461884,0.1,180,200,2.1,200,0.0,0.0,1.0,25.0,0,3,4,12,2,5570.0
480321.1011458333,2.228096977887276,-0.953256768149504,1.445002562120609,-0.7967863863398299,0.4,270,290,2.9,270,0.0,0.0,1.0,22.0,0,4,4,12,3,5973.0
434594.79815833335,2.2343672867234843,-1.0257162847212071,0.4802578544015923,-0.8469404094438059,0.0,290,320,2.0,270,0.0,0.0,0.0,22.0,0,5,4,12,4,4141.0
430534.4425833333,1.946847546577613,-0.965333354244788,-1.884108992453834,-0.8875109872794609,0.0,50,70,1.4,20,0.0,0.0,0.0,40.0,0,6,4,12,5,4281.0
479976.697975,1.4285786502824938,-0.7600313906249616,-2.0556657972307444,-0.0403875273868699,0.0,70,320,1.6,20,0.0,0.0,0.0,49.0,0,0,4,12,6,6968.0
482251.9454166666,1.0387152586481505,-0.6151123574815548,-2.341023765242251,0.5328661096085084,0.0,230,200,1.2,50,0.0,0.0,0.0,50.0,0,1,4,12,7,7292.0
482384.3395583333,1.0683205851565545,-0.6030357713862708,-2.2832681236999366,0.6110522047721456,0.0,50,50,1.5,20,0.0,0.0,0.0,41.0,0,2,4,12,8,7480.0
481735.6531125,1.2062242209850973,-0.6030357713862708,-1.4323245792155153,1.2219732576130489,0.0,70,70,2.2,50,0.0,0.0,0.0,37.0,0,3,4,12,9,7135.0
479542.3888875,1.0007854517249457,-0.4218869799570125,-1.4594922801366397,2.163598439733332,0.7,50,70,2.1,50,0.0,0.0,1.0,33.0,0,4,4,12,10,6012.0
433600.6618958334,1.0638978178972889,-0.470193324338148,-0.8564782836424033,2.1748779050799723,0.0,340,290,1.4,270,0.0,0.0,0.0,69.0,0,5,4,12,11,4983.0
429585.65739166667,2.2792985878628507,-0.8928738376730846,2.153267122599277,-0.1925975152946603,0.0,290,290,3.2,290,0.0,0.0,0.0,42.0,0,6,4,12,12,3202.0
478911.5088958333,2.9874639706615578,-1.1464821456740464,-0.3741059297828949,-1.2763603618879045,0.0,290,320,2.3,270,0.0,0.0,0.0,20.0,0,0,4,12,13,5071.0
481180.4551541666,1.731539264014399,-0.7600313906249616,-1.0297452082693468,0.5044489564174253,1.2,180,180,2.0,50,0.0,0.0,1.0,36.0,0,1,4,12,14,4467.0
482862.88179583335,0.892282792325719,-0.3735806355758768,-0.948242105505974,2.2300680899013634,2.1,250,270,1.7,270,0.0,0.0,1.0,81.0,0,2,4,12,15,5601.0
482695.1800208333,1.1780838246194345,-0.590959185290987,0.3104111694747142,0.3434256855041585,0.0,250,270,1.8,250,0.0,0.0,0.0,85.0,0,3,4,12,16,6705.0
479253.5685541667,3.3450350616060853,-1.1464821456740464,4.033551495745161,-0.797608447120218,0.0,320,290,4.6,270,0.0,0.0,0.0,33.0,0,4,4,12,17,3961.0
436388.0797833333,3.535612352944152,-1.0740226291023431,-0.6832113590154599,-0.1294680067657248,2.8,290,270,2.0,20,4.4,4.4,1.0,26.0,0,5,4,12,18,1650.0
431272.6584125,2.561472421135442,-0.965333354244788,0.8828372253477609,0.1552962003467053,0.2,270,290,2.0,20,4.6,0.2,1.0,28.0,0,6,4,12,19,1522.0
479159.22096666665,1.364133348684747,-0.5788825991957031,0.8216613441053803,1.5288594157697946,0.0,180,200,2.1,230,1.8,0.0,0.0,52.0,0,0,4,12,20,5371.0
481969.5733625,1.465618648357915,-0.6271889435768387,-0.4369919308753077,0.2685797319796175,0.0,290,290,2.0,290,0.0,0.0,0.0,59.0,0,1,4,12,21,5719.0
481978.2127375,2.1221363400551905,-1.0136396986259235,-1.573293443371236,-1.025486449332938,0.0,290,290,1.7,270,0.0,0.0,0.0,34.0,0,2,4,12,22,5980.0
482731.9672791667,1.9557154848105769,-0.9411801820542202,-1.9690323349172727,-0.4463745898397566,0.0,290,290,1.4,290,0.0,0.0,0.0,43.0,0,3,4,12,23,6150.0
475083.0440125,2.610237212651769,-0.9170270098636524,1.582551186576264,0.6934524008728091,0.2,290,290,2.6,270,0.0,0.0,1.0,54.0,0,4,4,12,24,4605.0
436553.5698208333,4.644013396076903,-1.2793245927221697,2.20418228474146,-1.2127938737100032,0.0,290,290,3.9,290,0.0,0.0,0.0,26.0,1,5,4,12,25,1245.0
428387.5858041667,4.719179618399669,-1.2793245927221697,0.3936243920881203,-1.1622028709570615,0.0,320,290,3.1,290,0.0,0.0,0.0,19.0,0,6,4,12,26,1129.0
475550.135975,3.888187561269704,-1.1464821456740464,-1.56987320367117,-0.0633834377291161,0.0,340,20,1.7,50,0.0,0.0,0.0,33.0,0,0,4,12,27,3517.0
477997.8046958333,3.133569361534242,-1.0136396986259235,-1.7431401282981132,1.3402929509633754,0.0,50,50,2.2,50,0.0,0.0,0.0,60.0,0,1,4,12,28,4214.0
478029.0614125,2.202501799527758,-0.8566440793872329,1.5299259045840483,1.0003385590295548,0.2,270,270,2.6,50,0.3,0.3,1.0,70.0,0,2,4,12,29,4126.0
476656.8808458333,3.2003055875506394,-1.1464821456740464,2.355411867997378,-0.8042887303984091,0.0,320,290,3.3,270,0.0,0.0,0.0,30.0,0,3,4,12,30,3883.0
463258.21165833337,3.876457647836273,-1.2551714205316016,1.5673543246053705,-1.7249991033861878,0.0,290,270,3.5,270,0.0,0.0,0.0,21.0,0,4,4,12,31,3294.0
